,accuracy,balanced_accuracy,f1_macro,f1_weighted
XGBoost,0.9935,0.9943149302731845,0.9768621322292468,0.9936720567533278
Gradient Boosting,0.996,0.8842542393301406,0.9188308937388611,0.9960101991848542
Decision Tree,0.989,0.8818032589379837,0.8958871746778488,0.9894576543750817
Random Forest,0.9965,0.773493268275052,0.8206789082978445,0.9962948259729896
Logistic Regression,0.91,0.920759163880606,0.6549926977839245,0.9289235343275859
